Timestamp,Source name,Results path,Results count,Collated results path, Collated results count
12:52:59 30-04-25,165 Antifraud,sources/165_antifraud/165_antifraud_2025-04.txt,3299,sources/165_antifraud/165_antifraud.txt,3299
13:10:04 30-04-25,Artists Against 419,,0,sources/artists_against_419/artists_against_419.txt,0
13:10:13 30-04-25,Artists Against 419,,0,sources/artists_against_419/artists_against_419.txt,0
13:11:28 30-04-25,Artists Against 419,,0,sources/artists_against_419/artists_against_419.txt,0
13:12:36 30-04-25,Artists Against 419,sources/artists_against_419/artists_against_419_2025-04.txt,500,sources/artists_against_419/artists_against_419.txt,500
13:15:40 30-04-25,Artists Against 419,sources/artists_against_419/artists_against_419_2025-04.txt,1000,sources/artists_against_419/artists_against_419.txt,1000
13:15:49 30-04-25,Artists Against 419,sources/artists_against_419/artists_against_419_2025-04.txt,1500,sources/artists_against_419/artists_against_419.txt,1500
13:15:55 30-04-25,Artists Against 419,sources/artists_against_419/artists_against_419_2025-04.txt,2000,sources/artists_against_419/artists_against_419.txt,2000
13:15:59 30-04-25,Artists Against 419,sources/artists_against_419/artists_against_419_2025-04.txt,2500,sources/artists_against_419/artists_against_419.txt,2500
13:16:19 30-04-25,Artists Against 419,sources/artists_against_419/artists_against_419_2025-04.txt,3000,sources/artists_against_419/artists_against_419.txt,3000
13:28:08 30-04-25,Artists Against 419,sources/artists_against_419/artists_against_419_2024-05.txt,500,sources/artists_against_419/artists_against_419.txt,500
13:28:08 30-04-25,Artists Against 419,sources/artists_against_419/artists_against_419_2024-06.txt,500,sources/artists_against_419/artists_against_419.txt,1000
13:28:08 30-04-25,Artists Against 419,sources/artists_against_419/artists_against_419_2024-07.txt,500,sources/artists_against_419/artists_against_419.txt,1500
13:28:08 30-04-25,Artists Against 419,sources/artists_against_419/artists_against_419_2024-08.txt,500,sources/artists_against_419/artists_against_419.txt,2000
13:28:08 30-04-25,Artists Against 419,sources/artists_against_419/artists_against_419_2024-09.txt,500,sources/artists_against_419/artists_against_419.txt,2499
13:28:08 30-04-25,Artists Against 419,sources/artists_against_419/artists_against_419_2024-10.txt,500,sources/artists_against_419/artists_against_419.txt,2999
13:28:08 30-04-25,Artists Against 419,sources/artists_against_419/artists_against_419_2024-11.txt,500,sources/artists_against_419/artists_against_419.txt,3499
13:28:08 30-04-25,Artists Against 419,sources/artists_against_419/artists_against_419_2024-12.txt,500,sources/artists_against_419/artists_against_419.txt,3999
13:28:08 30-04-25,Artists Against 419,sources/artists_against_419/artists_against_419_2025-01.txt,500,sources/artists_against_419/artists_against_419.txt,4499
13:28:08 30-04-25,Artists Against 419,sources/artists_against_419/artists_against_419_2025-02.txt,500,sources/artists_against_419/artists_against_419.txt,4499
13:28:08 30-04-25,Artists Against 419,sources/artists_against_419/artists_against_419_2025-03.txt,500,sources/artists_against_419/artists_against_419.txt,4997
13:28:08 30-04-25,Artists Against 419,sources/artists_against_419/artists_against_419_2025-04.txt,500,sources/artists_against_419/artists_against_419.txt,5497
13:35:14 30-04-25,BehindMLM,sources/behindmlm/behindmlm_2025-04.txt,101,sources/behindmlm/behindmlm.txt,101
13:38:29 30-04-25,BehindMLM,sources/behindmlm/behindmlm_2024-10.txt,74,sources/behindmlm/behindmlm.txt,74
13:38:29 30-04-25,BehindMLM,sources/behindmlm/behindmlm_2024-11.txt,80,sources/behindmlm/behindmlm.txt,153
13:38:29 30-04-25,BehindMLM,sources/behindmlm/behindmlm_2024-12.txt,95,sources/behindmlm/behindmlm.txt,247
13:38:29 30-04-25,BehindMLM,sources/behindmlm/behindmlm_2025-01.txt,102,sources/behindmlm/behindmlm.txt,349
13:38:29 30-04-25,BehindMLM,sources/behindmlm/behindmlm_2025-02.txt,92,sources/behindmlm/behindmlm.txt,441
13:38:29 30-04-25,BehindMLM,sources/behindmlm/behindmlm_2025-03.txt,90,sources/behindmlm/behindmlm.txt,530
13:38:29 30-04-25,BehindMLM,sources/behindmlm/behindmlm_2025-04.txt,101,sources/behindmlm/behindmlm.txt,631
13:40:27 30-04-25,BehindMLM,sources/behindmlm/behindmlm_2024-05.txt,79,sources/behindmlm/behindmlm.txt,76
13:40:27 30-04-25,BehindMLM,sources/behindmlm/behindmlm_2024-06.txt,89,sources/behindmlm/behindmlm.txt,163
13:40:27 30-04-25,BehindMLM,sources/behindmlm/behindmlm_2024-07.txt,51,sources/behindmlm/behindmlm.txt,212
13:40:27 30-04-25,BehindMLM,sources/behindmlm/behindmlm_2024-08.txt,77,sources/behindmlm/behindmlm.txt,283
13:40:27 30-04-25,BehindMLM,sources/behindmlm/behindmlm_2024-09.txt,52,sources/behindmlm/behindmlm.txt,335
13:40:27 30-04-25,BehindMLM,sources/behindmlm/behindmlm_2024-10.txt,74,sources/behindmlm/behindmlm.txt,408
13:40:27 30-04-25,BehindMLM,sources/behindmlm/behindmlm_2024-11.txt,80,sources/behindmlm/behindmlm.txt,487
13:40:27 30-04-25,BehindMLM,sources/behindmlm/behindmlm_2024-12.txt,95,sources/behindmlm/behindmlm.txt,581
13:40:27 30-04-25,BehindMLM,sources/behindmlm/behindmlm_2025-01.txt,102,sources/behindmlm/behindmlm.txt,683
13:40:27 30-04-25,BehindMLM,sources/behindmlm/behindmlm_2025-02.txt,92,sources/behindmlm/behindmlm.txt,775
13:40:27 30-04-25,BehindMLM,sources/behindmlm/behindmlm_2025-03.txt,90,sources/behindmlm/behindmlm.txt,864
13:40:27 30-04-25,BehindMLM,sources/behindmlm/behindmlm_2025-04.txt,101,sources/behindmlm/behindmlm.txt,965
12:04:31 01-05-25,165 Anti Fraud,sources/165_anti_fraud/165_anti_fraud_2025-05.txt,3507,sources/165_anti_fraud/165_anti_fraud.txt,3507
12:04:32 01-05-25,Artists Against 419,sources/artists_against_419/artists_against_419_2024-06.txt,500,sources/artists_against_419/artists_against_419.txt,500
12:04:32 01-05-25,Artists Against 419,sources/artists_against_419/artists_against_419_2024-07.txt,500,sources/artists_against_419/artists_against_419.txt,1000
12:04:32 01-05-25,Artists Against 419,sources/artists_against_419/artists_against_419_2024-08.txt,500,sources/artists_against_419/artists_against_419.txt,1500
12:04:32 01-05-25,Artists Against 419,sources/artists_against_419/artists_against_419_2024-09.txt,500,sources/artists_against_419/artists_against_419.txt,2000
12:04:32 01-05-25,Artists Against 419,sources/artists_against_419/artists_against_419_2024-10.txt,500,sources/artists_against_419/artists_against_419.txt,2500
12:04:32 01-05-25,Artists Against 419,sources/artists_against_419/artists_against_419_2024-11.txt,500,sources/artists_against_419/artists_against_419.txt,3000
12:04:32 01-05-25,Artists Against 419,sources/artists_against_419/artists_against_419_2024-12.txt,500,sources/artists_against_419/artists_against_419.txt,3500
12:04:32 01-05-25,Artists Against 419,sources/artists_against_419/artists_against_419_2025-01.txt,500,sources/artists_against_419/artists_against_419.txt,4000
12:04:32 01-05-25,Artists Against 419,sources/artists_against_419/artists_against_419_2025-02.txt,500,sources/artists_against_419/artists_against_419.txt,4000
12:04:32 01-05-25,Artists Against 419,sources/artists_against_419/artists_against_419_2025-03.txt,500,sources/artists_against_419/artists_against_419.txt,4498
12:04:32 01-05-25,Artists Against 419,sources/artists_against_419/artists_against_419_2025-04.txt,500,sources/artists_against_419/artists_against_419.txt,4998
12:04:35 01-05-25,BehindMLM,sources/behindmlm/behindmlm_2024-06.txt,89,sources/behindmlm/behindmlm.txt,87
12:04:35 01-05-25,BehindMLM,sources/behindmlm/behindmlm_2024-07.txt,51,sources/behindmlm/behindmlm.txt,137
12:04:35 01-05-25,BehindMLM,sources/behindmlm/behindmlm_2024-08.txt,77,sources/behindmlm/behindmlm.txt,208
12:04:35 01-05-25,BehindMLM,sources/behindmlm/behindmlm_2024-09.txt,52,sources/behindmlm/behindmlm.txt,260
12:04:35 01-05-25,BehindMLM,sources/behindmlm/behindmlm_2024-10.txt,74,sources/behindmlm/behindmlm.txt,333
12:04:35 01-05-25,BehindMLM,sources/behindmlm/behindmlm_2024-11.txt,80,sources/behindmlm/behindmlm.txt,412
12:04:35 01-05-25,BehindMLM,sources/behindmlm/behindmlm_2024-12.txt,95,sources/behindmlm/behindmlm.txt,506
12:04:35 01-05-25,BehindMLM,sources/behindmlm/behindmlm_2025-01.txt,102,sources/behindmlm/behindmlm.txt,608
12:04:35 01-05-25,BehindMLM,sources/behindmlm/behindmlm_2025-02.txt,92,sources/behindmlm/behindmlm.txt,700
12:04:35 01-05-25,BehindMLM,sources/behindmlm/behindmlm_2025-03.txt,90,sources/behindmlm/behindmlm.txt,789
12:04:35 01-05-25,BehindMLM,sources/behindmlm/behindmlm_2025-04.txt,101,sources/behindmlm/behindmlm.txt,890
12:04:35 01-05-25,BehindMLM,sources/behindmlm/behindmlm_2025-05.txt,102,sources/behindmlm/behindmlm.txt,893
12:06:07 01-05-25,Artists Against 419,sources/artists_against_419/artists_against_419_2024-06.txt,500,sources/artists_against_419/artists_against_419.txt,500
12:06:07 01-05-25,Artists Against 419,sources/artists_against_419/artists_against_419_2024-07.txt,500,sources/artists_against_419/artists_against_419.txt,1000
12:06:07 01-05-25,Artists Against 419,sources/artists_against_419/artists_against_419_2024-08.txt,500,sources/artists_against_419/artists_against_419.txt,1500
12:06:07 01-05-25,Artists Against 419,sources/artists_against_419/artists_against_419_2024-09.txt,500,sources/artists_against_419/artists_against_419.txt,2000
12:06:07 01-05-25,Artists Against 419,sources/artists_against_419/artists_against_419_2024-10.txt,500,sources/artists_against_419/artists_against_419.txt,2500
12:06:07 01-05-25,Artists Against 419,sources/artists_against_419/artists_against_419_2024-11.txt,500,sources/artists_against_419/artists_against_419.txt,3000
12:06:07 01-05-25,Artists Against 419,sources/artists_against_419/artists_against_419_2024-12.txt,500,sources/artists_against_419/artists_against_419.txt,3500
12:06:07 01-05-25,Artists Against 419,sources/artists_against_419/artists_against_419_2025-01.txt,500,sources/artists_against_419/artists_against_419.txt,4000
12:06:07 01-05-25,Artists Against 419,sources/artists_against_419/artists_against_419_2025-02.txt,500,sources/artists_against_419/artists_against_419.txt,4000
12:06:07 01-05-25,Artists Against 419,sources/artists_against_419/artists_against_419_2025-03.txt,500,sources/artists_against_419/artists_against_419.txt,4498
12:06:07 01-05-25,Artists Against 419,sources/artists_against_419/artists_against_419_2025-04.txt,500,sources/artists_against_419/artists_against_419.txt,4998
12:06:07 01-05-25,Artists Against 419,sources/artists_against_419/artists_against_419_2025-05.txt,500,sources/artists_against_419/artists_against_419.txt,5019
12:14:55 01-05-25,BugsFighter,sources/bugsfighter/bugsfighter_2025-05.txt,167,sources/bugsfighter/bugsfighter.txt,167
13:17:58 02-05-25,BugsFighter,sources/bugsfighter/bugsfighter_2024-06.txt,141,sources/bugsfighter/bugsfighter.txt,141
13:17:58 02-05-25,BugsFighter,sources/bugsfighter/bugsfighter_2024-07.txt,128,sources/bugsfighter/bugsfighter.txt,266
13:17:58 02-05-25,BugsFighter,sources/bugsfighter/bugsfighter_2024-08.txt,144,sources/bugsfighter/bugsfighter.txt,406
13:17:58 02-05-25,BugsFighter,sources/bugsfighter/bugsfighter_2024-09.txt,178,sources/bugsfighter/bugsfighter.txt,579
13:17:58 02-05-25,BugsFighter,sources/bugsfighter/bugsfighter_2024-10.txt,176,sources/bugsfighter/bugsfighter.txt,750
13:17:58 02-05-25,BugsFighter,sources/bugsfighter/bugsfighter_2024-11.txt,174,sources/bugsfighter/bugsfighter.txt,919
13:17:58 02-05-25,BugsFighter,sources/bugsfighter/bugsfighter_2024-12.txt,186,sources/bugsfighter/bugsfighter.txt,1098
13:17:58 02-05-25,BugsFighter,sources/bugsfighter/bugsfighter_2025-01.txt,164,sources/bugsfighter/bugsfighter.txt,1255
13:17:58 02-05-25,BugsFighter,sources/bugsfighter/bugsfighter_2025-02.txt,134,sources/bugsfighter/bugsfighter.txt,1386
13:17:58 02-05-25,BugsFighter,sources/bugsfighter/bugsfighter_2025-03.txt,136,sources/bugsfighter/bugsfighter.txt,1519
13:17:58 02-05-25,BugsFighter,sources/bugsfighter/bugsfighter_2025-04.txt,137,sources/bugsfighter/bugsfighter.txt,1650
13:17:58 02-05-25,BugsFighter,sources/bugsfighter/bugsfighter_2025-05.txt,167,sources/bugsfighter/bugsfighter.txt,1812
13:20:53 02-05-25,Česká Obchodní Inspekce,,0,sources/Česká_obchodní_inspekce/Česká_obchodní_inspekce.txt,0
13:21:59 02-05-25,Česká Obchodní Inspekce,sources/Česká_obchodní_inspekce/Česká_obchodní_inspekce_2025-05.txt,1136,sources/Česká_obchodní_inspekce/Česká_obchodní_inspekce.txt,1136
13:41:13 02-05-25,DFPI Crypto Scam Tracker,sources/dfpi_crypto_scam_tracker/dfpi_crypto_scam_tracker_2025-05.txt,524,sources/dfpi_crypto_scam_tracker/dfpi_crypto_scam_tracker.txt,524
22:43:59 04-05-25,165 Anti Fraud,sources/165_anti_fraud/165_anti_fraud_2025-05.txt,3507,sources/165_anti_fraud/165_anti_fraud.txt,3507
23:00:27 04-05-25,Artists Against 419,sources/artists_against_419/artists_against_419_2024-06.txt,500,sources/artists_against_419/artists_against_419.txt,500
23:00:27 04-05-25,Artists Against 419,sources/artists_against_419/artists_against_419_2024-07.txt,500,sources/artists_against_419/artists_against_419.txt,1000
23:00:27 04-05-25,Artists Against 419,sources/artists_against_419/artists_against_419_2024-08.txt,500,sources/artists_against_419/artists_against_419.txt,1500
23:00:27 04-05-25,Artists Against 419,sources/artists_against_419/artists_against_419_2024-09.txt,500,sources/artists_against_419/artists_against_419.txt,2000
23:00:27 04-05-25,Artists Against 419,sources/artists_against_419/artists_against_419_2024-10.txt,500,sources/artists_against_419/artists_against_419.txt,2500
23:00:27 04-05-25,Artists Against 419,sources/artists_against_419/artists_against_419_2024-11.txt,500,sources/artists_against_419/artists_against_419.txt,3000
23:00:27 04-05-25,Artists Against 419,sources/artists_against_419/artists_against_419_2024-12.txt,500,sources/artists_against_419/artists_against_419.txt,3500
23:00:27 04-05-25,Artists Against 419,sources/artists_against_419/artists_against_419_2025-01.txt,500,sources/artists_against_419/artists_against_419.txt,4000
23:00:27 04-05-25,Artists Against 419,sources/artists_against_419/artists_against_419_2025-02.txt,500,sources/artists_against_419/artists_against_419.txt,4000
23:00:27 04-05-25,Artists Against 419,sources/artists_against_419/artists_against_419_2025-03.txt,500,sources/artists_against_419/artists_against_419.txt,4498
23:00:27 04-05-25,Artists Against 419,sources/artists_against_419/artists_against_419_2025-04.txt,500,sources/artists_against_419/artists_against_419.txt,4998
23:00:27 04-05-25,Artists Against 419,sources/artists_against_419/artists_against_419_2025-05.txt,500,sources/artists_against_419/artists_against_419.txt,5019
23:02:44 04-05-25,Artists Against 419,sources/artists_against_419/artists_against_419_2024-06.txt,500,sources/artists_against_419/artists_against_419.txt,500
23:02:44 04-05-25,Artists Against 419,sources/artists_against_419/artists_against_419_2024-07.txt,500,sources/artists_against_419/artists_against_419.txt,1000
23:02:44 04-05-25,Artists Against 419,sources/artists_against_419/artists_against_419_2024-08.txt,500,sources/artists_against_419/artists_against_419.txt,1500
23:02:44 04-05-25,Artists Against 419,sources/artists_against_419/artists_against_419_2024-09.txt,500,sources/artists_against_419/artists_against_419.txt,2000
23:02:44 04-05-25,Artists Against 419,sources/artists_against_419/artists_against_419_2024-10.txt,500,sources/artists_against_419/artists_against_419.txt,2500
23:02:44 04-05-25,Artists Against 419,sources/artists_against_419/artists_against_419_2024-11.txt,500,sources/artists_against_419/artists_against_419.txt,3000
23:02:44 04-05-25,Artists Against 419,sources/artists_against_419/artists_against_419_2024-12.txt,500,sources/artists_against_419/artists_against_419.txt,3500
23:02:44 04-05-25,Artists Against 419,sources/artists_against_419/artists_against_419_2025-01.txt,500,sources/artists_against_419/artists_against_419.txt,4000
23:02:44 04-05-25,Artists Against 419,sources/artists_against_419/artists_against_419_2025-02.txt,500,sources/artists_against_419/artists_against_419.txt,4000
23:02:44 04-05-25,Artists Against 419,sources/artists_against_419/artists_against_419_2025-03.txt,500,sources/artists_against_419/artists_against_419.txt,4498
23:02:44 04-05-25,Artists Against 419,sources/artists_against_419/artists_against_419_2025-04.txt,500,sources/artists_against_419/artists_against_419.txt,4998
23:02:44 04-05-25,Artists Against 419,sources/artists_against_419/artists_against_419_2025-05.txt,515,sources/artists_against_419/artists_against_419.txt,5034
23:08:12 04-05-25,Artists Against 419,sources/artists_against_419/artists_against_419_2024-06.txt,500,sources/artists_against_419/artists_against_419.txt,500
23:08:12 04-05-25,Artists Against 419,sources/artists_against_419/artists_against_419_2024-07.txt,500,sources/artists_against_419/artists_against_419.txt,1000
23:08:12 04-05-25,Artists Against 419,sources/artists_against_419/artists_against_419_2024-08.txt,500,sources/artists_against_419/artists_against_419.txt,1500
23:08:12 04-05-25,Artists Against 419,sources/artists_against_419/artists_against_419_2024-09.txt,500,sources/artists_against_419/artists_against_419.txt,2000
23:08:12 04-05-25,Artists Against 419,sources/artists_against_419/artists_against_419_2024-10.txt,500,sources/artists_against_419/artists_against_419.txt,2500
23:08:12 04-05-25,Artists Against 419,sources/artists_against_419/artists_against_419_2024-11.txt,500,sources/artists_against_419/artists_against_419.txt,3000
23:08:12 04-05-25,Artists Against 419,sources/artists_against_419/artists_against_419_2024-12.txt,500,sources/artists_against_419/artists_against_419.txt,3500
23:08:12 04-05-25,Artists Against 419,sources/artists_against_419/artists_against_419_2025-01.txt,500,sources/artists_against_419/artists_against_419.txt,4000
23:08:12 04-05-25,Artists Against 419,sources/artists_against_419/artists_against_419_2025-02.txt,500,sources/artists_against_419/artists_against_419.txt,4000
23:08:12 04-05-25,Artists Against 419,sources/artists_against_419/artists_against_419_2025-03.txt,500,sources/artists_against_419/artists_against_419.txt,4498
23:08:12 04-05-25,Artists Against 419,sources/artists_against_419/artists_against_419_2025-04.txt,500,sources/artists_against_419/artists_against_419.txt,4998
23:08:12 04-05-25,Artists Against 419,sources/artists_against_419/artists_against_419_2025-05.txt,515,sources/artists_against_419/artists_against_419.txt,5034
23:27:41 04-05-25,Test Source,,0,sources/test_source/test_source.txt,0
23:38:31 04-05-25,Emerging Threats,sources/emerging_threats/emerging_threats_2025-05.txt,6250,sources/emerging_threats/emerging_threats.txt,6250
23:40:00 04-05-25,FakeWebshopListHUN,sources/fakewebshoplisthun/fakewebshoplisthun_2025-05.txt,8143,sources/fakewebshoplisthun/fakewebshoplisthun.txt,8143
23:45:24 04-05-25,Wildcat Cyber Patrol,sources/wildcat_cyber_patrol/wildcat_cyber_patrol_2025-05.txt,364,sources/wildcat_cyber_patrol/wildcat_cyber_patrol.txt,364
23:46:58 04-05-25,Wildcat Cyber Patrol,sources/wildcat_cyber_patrol/wildcat_cyber_patrol_2024-06.txt,462,sources/wildcat_cyber_patrol/wildcat_cyber_patrol.txt,364
23:46:59 04-05-25,Wildcat Cyber Patrol,sources/wildcat_cyber_patrol/wildcat_cyber_patrol_2024-07.txt,462,sources/wildcat_cyber_patrol/wildcat_cyber_patrol.txt,364
23:46:59 04-05-25,Wildcat Cyber Patrol,sources/wildcat_cyber_patrol/wildcat_cyber_patrol_2024-08.txt,462,sources/wildcat_cyber_patrol/wildcat_cyber_patrol.txt,364
23:46:59 04-05-25,Wildcat Cyber Patrol,sources/wildcat_cyber_patrol/wildcat_cyber_patrol_2024-09.txt,462,sources/wildcat_cyber_patrol/wildcat_cyber_patrol.txt,364
23:46:59 04-05-25,Wildcat Cyber Patrol,sources/wildcat_cyber_patrol/wildcat_cyber_patrol_2024-10.txt,462,sources/wildcat_cyber_patrol/wildcat_cyber_patrol.txt,364
23:46:59 04-05-25,Wildcat Cyber Patrol,sources/wildcat_cyber_patrol/wildcat_cyber_patrol_2024-11.txt,462,sources/wildcat_cyber_patrol/wildcat_cyber_patrol.txt,364
23:46:59 04-05-25,Wildcat Cyber Patrol,sources/wildcat_cyber_patrol/wildcat_cyber_patrol_2024-12.txt,462,sources/wildcat_cyber_patrol/wildcat_cyber_patrol.txt,364
23:46:59 04-05-25,Wildcat Cyber Patrol,sources/wildcat_cyber_patrol/wildcat_cyber_patrol_2025-01.txt,462,sources/wildcat_cyber_patrol/wildcat_cyber_patrol.txt,364
23:46:59 04-05-25,Wildcat Cyber Patrol,sources/wildcat_cyber_patrol/wildcat_cyber_patrol_2025-02.txt,462,sources/wildcat_cyber_patrol/wildcat_cyber_patrol.txt,364
23:46:59 04-05-25,Wildcat Cyber Patrol,sources/wildcat_cyber_patrol/wildcat_cyber_patrol_2025-03.txt,462,sources/wildcat_cyber_patrol/wildcat_cyber_patrol.txt,364
23:46:59 04-05-25,Wildcat Cyber Patrol,sources/wildcat_cyber_patrol/wildcat_cyber_patrol_2025-04.txt,462,sources/wildcat_cyber_patrol/wildcat_cyber_patrol.txt,364
23:46:59 04-05-25,Wildcat Cyber Patrol,sources/wildcat_cyber_patrol/wildcat_cyber_patrol_2025-05.txt,364,sources/wildcat_cyber_patrol/wildcat_cyber_patrol.txt,364
17:18:41 05-05-25,BehindMLM,sources/behindmlm/behindmlm_2024-06.txt,89,sources/behindmlm/behindmlm.txt,87
17:18:41 05-05-25,BehindMLM,sources/behindmlm/behindmlm_2024-07.txt,51,sources/behindmlm/behindmlm.txt,137
17:18:41 05-05-25,BehindMLM,sources/behindmlm/behindmlm_2024-08.txt,77,sources/behindmlm/behindmlm.txt,208
17:18:41 05-05-25,BehindMLM,sources/behindmlm/behindmlm_2024-09.txt,52,sources/behindmlm/behindmlm.txt,260
17:18:41 05-05-25,BehindMLM,sources/behindmlm/behindmlm_2024-10.txt,74,sources/behindmlm/behindmlm.txt,333
17:18:41 05-05-25,BehindMLM,sources/behindmlm/behindmlm_2024-11.txt,80,sources/behindmlm/behindmlm.txt,412
17:18:41 05-05-25,BehindMLM,sources/behindmlm/behindmlm_2024-12.txt,95,sources/behindmlm/behindmlm.txt,506
17:18:41 05-05-25,BehindMLM,sources/behindmlm/behindmlm_2025-01.txt,102,sources/behindmlm/behindmlm.txt,608
17:18:41 05-05-25,BehindMLM,sources/behindmlm/behindmlm_2025-02.txt,92,sources/behindmlm/behindmlm.txt,700
17:18:41 05-05-25,BehindMLM,sources/behindmlm/behindmlm_2025-03.txt,90,sources/behindmlm/behindmlm.txt,789
17:18:42 05-05-25,BehindMLM,sources/behindmlm/behindmlm_2025-04.txt,101,sources/behindmlm/behindmlm.txt,890
17:18:42 05-05-25,BehindMLM,sources/behindmlm/behindmlm_2025-05.txt,110,sources/behindmlm/behindmlm.txt,900
17:19:18 05-05-25,BehindMLM,sources/behindmlm/behindmlm_2024-06.txt,89,sources/behindmlm/behindmlm.txt,87
17:19:18 05-05-25,BehindMLM,sources/behindmlm/behindmlm_2024-07.txt,51,sources/behindmlm/behindmlm.txt,137
17:19:18 05-05-25,BehindMLM,sources/behindmlm/behindmlm_2024-08.txt,77,sources/behindmlm/behindmlm.txt,208
17:19:18 05-05-25,BehindMLM,sources/behindmlm/behindmlm_2024-09.txt,52,sources/behindmlm/behindmlm.txt,260
17:19:18 05-05-25,BehindMLM,sources/behindmlm/behindmlm_2024-10.txt,74,sources/behindmlm/behindmlm.txt,333
17:19:18 05-05-25,BehindMLM,sources/behindmlm/behindmlm_2024-11.txt,80,sources/behindmlm/behindmlm.txt,412
17:19:18 05-05-25,BehindMLM,sources/behindmlm/behindmlm_2024-12.txt,95,sources/behindmlm/behindmlm.txt,506
17:19:18 05-05-25,BehindMLM,sources/behindmlm/behindmlm_2025-01.txt,102,sources/behindmlm/behindmlm.txt,608
17:19:18 05-05-25,BehindMLM,sources/behindmlm/behindmlm_2025-02.txt,92,sources/behindmlm/behindmlm.txt,700
17:19:18 05-05-25,BehindMLM,sources/behindmlm/behindmlm_2025-03.txt,90,sources/behindmlm/behindmlm.txt,789
17:19:18 05-05-25,BehindMLM,sources/behindmlm/behindmlm_2025-04.txt,101,sources/behindmlm/behindmlm.txt,890
17:19:18 05-05-25,BehindMLM,sources/behindmlm/behindmlm_2025-05.txt,110,sources/behindmlm/behindmlm.txt,900
17:20:23 05-05-25,BehindMLM,sources/behindmlm/behindmlm_2024-06.txt,89,sources/behindmlm/behindmlm.txt,87
17:20:23 05-05-25,BehindMLM,sources/behindmlm/behindmlm_2024-07.txt,51,sources/behindmlm/behindmlm.txt,137
17:20:23 05-05-25,BehindMLM,sources/behindmlm/behindmlm_2024-08.txt,77,sources/behindmlm/behindmlm.txt,208
17:20:23 05-05-25,BehindMLM,sources/behindmlm/behindmlm_2024-09.txt,52,sources/behindmlm/behindmlm.txt,260
17:20:23 05-05-25,BehindMLM,sources/behindmlm/behindmlm_2024-10.txt,74,sources/behindmlm/behindmlm.txt,333
17:20:23 05-05-25,BehindMLM,sources/behindmlm/behindmlm_2024-11.txt,80,sources/behindmlm/behindmlm.txt,412
17:20:23 05-05-25,BehindMLM,sources/behindmlm/behindmlm_2024-12.txt,95,sources/behindmlm/behindmlm.txt,506
17:20:23 05-05-25,BehindMLM,sources/behindmlm/behindmlm_2025-01.txt,102,sources/behindmlm/behindmlm.txt,608
17:20:23 05-05-25,BehindMLM,sources/behindmlm/behindmlm_2025-02.txt,92,sources/behindmlm/behindmlm.txt,700
17:20:23 05-05-25,BehindMLM,sources/behindmlm/behindmlm_2025-03.txt,90,sources/behindmlm/behindmlm.txt,789
17:20:23 05-05-25,BehindMLM,sources/behindmlm/behindmlm_2025-04.txt,101,sources/behindmlm/behindmlm.txt,890
17:20:23 05-05-25,BehindMLM,sources/behindmlm/behindmlm_2025-05.txt,110,sources/behindmlm/behindmlm.txt,900
17:22:12 05-05-25,Test Source,,0,sources/test_source/test_source.txt,0
17:24:40 05-05-25,Test Source,,0,sources/test_source/test_source.txt,0
17:26:01 05-05-25,Test Source,,0,sources/test_source/test_source.txt,0
